zoneId;system;density
110;Stadtmobil;384
111;Stadtmobil;431
112;Stadtmobil;390
113;Stadtmobil;367
114;Stadtmobil;335
115;Stadtmobil;222
116;Stadtmobil;303
117;Stadtmobil;339
118;Stadtmobil;301
119;Stadtmobil;302
120;Stadtmobil;454
121;Stadtmobil;454
122;Stadtmobil;403
123;Stadtmobil;461
124;Stadtmobil;432
125;Stadtmobil;369
126;Stadtmobil;339
127;Stadtmobil;379
128;Stadtmobil;433
210;Stadtmobil;392
211;Stadtmobil;435
212;Stadtmobil;446
213;Stadtmobil;351
214;Stadtmobil;454
215;Stadtmobil;467
216;Stadtmobil;457
217;Stadtmobil;442
218;Stadtmobil;443
219;Stadtmobil;464
220;Stadtmobil;463
221;Stadtmobil;429
222;Stadtmobil;446
223;Stadtmobil;446
224;Stadtmobil;443
225;Stadtmobil;446
226;Stadtmobil;420
231;Stadtmobil;387
232;Stadtmobil;372
233;Stadtmobil;354
234;Stadtmobil;340
235;Stadtmobil;352
236;Stadtmobil;261
237;Stadtmobil;308
311;Stadtmobil;424
312;Stadtmobil;434
313;Stadtmobil;451
314;Stadtmobil;432
315;Stadtmobil;401
316;Stadtmobil;403
317;Stadtmobil;322
318;Stadtmobil;306
319;Stadtmobil;333
321;Stadtmobil;416
322;Stadtmobil;395
323;Stadtmobil;362
324;Stadtmobil;391
325;Stadtmobil;348
326;Stadtmobil;301
327;Stadtmobil;308
328;Stadtmobil;370
329;Stadtmobil;389
331;Stadtmobil;430
332;Stadtmobil;436
333;Stadtmobil;429
334;Stadtmobil;418
335;Stadtmobil;409
336;Stadtmobil;386
337;Stadtmobil;414
338;Stadtmobil;420
341;Stadtmobil;289
342;Stadtmobil;178
411;Stadtmobil;439
412;Stadtmobil;443
413;Stadtmobil;406
414;Stadtmobil;366
415;Stadtmobil;333
416;Stadtmobil;373
417;Stadtmobil;392
418;Stadtmobil;410
419;Stadtmobil;418
421;Stadtmobil;447
422;Stadtmobil;444
423;Stadtmobil;442
424;Stadtmobil;436
425;Stadtmobil;398
426;Stadtmobil;389
427;Stadtmobil;437
428;Stadtmobil;453
431;Stadtmobil;406
432;Stadtmobil;378
433;Stadtmobil;351
434;Stadtmobil;360
435;Stadtmobil;291
436;Stadtmobil;258
437;Stadtmobil;270
438;Stadtmobil;322
441;Stadtmobil;401
442;Stadtmobil;371
443;Stadtmobil;446
444;Stadtmobil;419
451;Stadtmobil;428
452;Stadtmobil;403
511;Stadtmobil;258
512;Stadtmobil;247
513;Stadtmobil;290
514;Stadtmobil;317
515;Stadtmobil;373
516;Stadtmobil;390
517;Stadtmobil;288
521;Stadtmobil;255
522;Stadtmobil;254
523;Stadtmobil;307
524;Stadtmobil;308
525;Stadtmobil;335
526;Stadtmobil;392
527;Stadtmobil;407
528;Stadtmobil;405
529;Stadtmobil;342
531;Stadtmobil;240
532;Stadtmobil;248
533;Stadtmobil;289
535;Stadtmobil;280
536;Stadtmobil;254
541;Stadtmobil;279
542;Stadtmobil;267
611;Stadtmobil;68
612;Stadtmobil;117
613;Stadtmobil;169
617;Stadtmobil;112
621;Stadtmobil;68
622;Stadtmobil;95
623;Stadtmobil;144
624;Stadtmobil;205
625;Stadtmobil;194
631;Stadtmobil;49
632;Stadtmobil;56
633;Stadtmobil;57
641;Stadtmobil;33
642;Stadtmobil;49
643;Stadtmobil;127
644;Stadtmobil;86
711;Stadtmobil;146
712;Stadtmobil;174
713;Stadtmobil;209
714;Stadtmobil;271
715;Stadtmobil;222
716;Stadtmobil;167
717;Stadtmobil;160
718;Stadtmobil;223
719;Stadtmobil;147
721;Stadtmobil;268
722;Stadtmobil;215
723;Stadtmobil;170
724;Stadtmobil;140
725;Stadtmobil;135
726;Stadtmobil;143
727;Stadtmobil;268
728;Stadtmobil;243
729;Stadtmobil;162
731;Stadtmobil;310
732;Stadtmobil;286
733;Stadtmobil;280
734;Stadtmobil;280
735;Stadtmobil;229
736;Stadtmobil;73
737;Stadtmobil;198
738;Stadtmobil;185
740;Stadtmobil;241
811;Stadtmobil;164
812;Stadtmobil;192
813;Stadtmobil;232
814;Stadtmobil;226
815;Stadtmobil;200
816;Stadtmobil;152
817;Stadtmobil;137
818;Stadtmobil;146
819;Stadtmobil;189
821;Stadtmobil;75
822;Stadtmobil;116
823;Stadtmobil;145
824;Stadtmobil;114
831;Stadtmobil;6
832;Stadtmobil;25
833;Stadtmobil;31
834;Stadtmobil;27
835;Stadtmobil;74
836;Stadtmobil;71
837;Stadtmobil;126
838;Stadtmobil;122
839;Stadtmobil;87
841;Stadtmobil;194
842;Stadtmobil;214
911;Stadtmobil;8
912;Stadtmobil;15
913;Stadtmobil;13
914;Stadtmobil;9
915;Stadtmobil;0
916;Stadtmobil;1
917;Stadtmobil;1
918;Stadtmobil;8
921;Stadtmobil;30
922;Stadtmobil;67
923;Stadtmobil;16
924;Stadtmobil;16
925;Stadtmobil;16
931;Stadtmobil;58
932;Stadtmobil;24
933;Stadtmobil;16
934;Stadtmobil;38
941;Stadtmobil;16
942;Stadtmobil;16
943;Stadtmobil;14
944;Stadtmobil;11
945;Stadtmobil;10
1011;Stadtmobil;11
1012;Stadtmobil;11
1013;Stadtmobil;13
1014;Stadtmobil;28
1015;Stadtmobil;16
1016;Stadtmobil;6
1021;Stadtmobil;13
1022;Stadtmobil;13
1023;Stadtmobil;31
1024;Stadtmobil;26
1025;Stadtmobil;21
1026;Stadtmobil;33
1027;Stadtmobil;30
1028;Stadtmobil;52
1029;Stadtmobil;40
1031;Stadtmobil;13
1032;Stadtmobil;11
1033;Stadtmobil;11
1034;Stadtmobil;0
1035;Stadtmobil;0
1036;Stadtmobil;0
1037;Stadtmobil;18
1038;Stadtmobil;36
1039;Stadtmobil;19
1041;Stadtmobil;16
1111;Stadtmobil;198
1112;Stadtmobil;145
1113;Stadtmobil;141
1114;Stadtmobil;83
1115;Stadtmobil;75
1116;Stadtmobil;86
1117;Stadtmobil;132
1118;Stadtmobil;108
1121;Stadtmobil;221
1122;Stadtmobil;207
1123;Stadtmobil;191
1131;Stadtmobil;97
1132;Stadtmobil;84
1133;Stadtmobil;84
1134;Stadtmobil;80
1135;Stadtmobil;100
1141;Stadtmobil;14
1142;Stadtmobil;50
1143;Stadtmobil;51
1144;Stadtmobil;51
1151;Stadtmobil;59
1152;Stadtmobil;70
1153;Stadtmobil;70
1154;Stadtmobil;62
1155;Stadtmobil;73
1211;Stadtmobil;101
1212;Stadtmobil;11
1213;Stadtmobil;50
1214;Stadtmobil;14
1215;Stadtmobil;26
1216;Stadtmobil;85
1221;Stadtmobil;108
1222;Stadtmobil;55
1223;Stadtmobil;27
1224;Stadtmobil;8
1311;Stadtmobil;338
1312;Stadtmobil;306
1313;Stadtmobil;250
1314;Stadtmobil;276
1321;Stadtmobil;201
1322;Stadtmobil;175
1323;Stadtmobil;115
1324;Stadtmobil;71
1325;Stadtmobil;135
1326;Stadtmobil;166
1327;Stadtmobil;248
1328;Stadtmobil;13
1411;Stadtmobil;184
1412;Stadtmobil;173
1413;Stadtmobil;115
1414;Stadtmobil;108
1415;Stadtmobil;225
1421;Stadtmobil;163
1422;Stadtmobil;209
1423;Stadtmobil;270
1424;Stadtmobil;187
1425;Stadtmobil;102
1511;Stadtmobil;70
1513;Stadtmobil;25
1514;Stadtmobil;21
1515;Stadtmobil;16
1521;Stadtmobil;19
1522;Stadtmobil;11
1523;Stadtmobil;19
1531;Stadtmobil;66
1532;Stadtmobil;45
1533;Stadtmobil;25
1534;Stadtmobil;84
1541;Stadtmobil;18
1542;Stadtmobil;12
1543;Stadtmobil;11
1544;Stadtmobil;11
1545;Stadtmobil;27
1546;Stadtmobil;28
1611;Stadtmobil;28
1612;Stadtmobil;42
1613;Stadtmobil;42
1614;Stadtmobil;44
1615;Stadtmobil;47
1616;Stadtmobil;50
1617;Stadtmobil;60
1618;Stadtmobil;103
1619;Stadtmobil;21
1621;Stadtmobil;42
1622;Stadtmobil;54
1623;Stadtmobil;58
1624;Stadtmobil;52
1631;Stadtmobil;28
1632;Stadtmobil;42
1633;Stadtmobil;42
1634;Stadtmobil;42
1635;Stadtmobil;47
1636;Stadtmobil;48
1637;Stadtmobil;54
1691;Stadtmobil;124
1711;Stadtmobil;104
1712;Stadtmobil;111
1713;Stadtmobil;123
1714;Stadtmobil;127
1715;Stadtmobil;127
1716;Stadtmobil;76
1717;Stadtmobil;104
1718;Stadtmobil;147
1721;Stadtmobil;136
1722;Stadtmobil;121
1723;Stadtmobil;137
1811;Stadtmobil;7
1812;Stadtmobil;46
1813;Stadtmobil;43
1814;Stadtmobil;54
1815;Stadtmobil;54
1816;Stadtmobil;45
1817;Stadtmobil;50
1818;Stadtmobil;23
1819;Stadtmobil;50
1821;Stadtmobil;33
1822;Stadtmobil;34
1823;Stadtmobil;46
1824;Stadtmobil;56
1825;Stadtmobil;55
1826;Stadtmobil;79
1827;Stadtmobil;53
1910;Stadtmobil;48
1911;Stadtmobil;56
1912;Stadtmobil;56
1913;Stadtmobil;56
1914;Stadtmobil;54
1915;Stadtmobil;56
1916;Stadtmobil;49
1917;Stadtmobil;49
1918;Stadtmobil;50
1919;Stadtmobil;48
1921;Stadtmobil;82
1922;Stadtmobil;67
1923;Stadtmobil;60
1930;Stadtmobil;49
1931;Stadtmobil;35
1932;Stadtmobil;47
1933;Stadtmobil;57
1934;Stadtmobil;51
1935;Stadtmobil;52
1936;Stadtmobil;31
1937;Stadtmobil;37
1938;Stadtmobil;2
1939;Stadtmobil;0
1941;Stadtmobil;4
1951;Stadtmobil;49
1952;Stadtmobil;50
1953;Stadtmobil;50
1954;Stadtmobil;48
1955;Stadtmobil;41
1956;Stadtmobil;48
1961;Stadtmobil;47
1962;Stadtmobil;49
1963;Stadtmobil;47
1964;Stadtmobil;61
1971;Stadtmobil;154
1972;Stadtmobil;78
1973;Stadtmobil;61
1974;Stadtmobil;17
1975;Stadtmobil;55
1976;Stadtmobil;45
1981;Stadtmobil;26
1982;Stadtmobil;22
1983;Stadtmobil;51
1984;Stadtmobil;51
1985;Stadtmobil;51
1986;Stadtmobil;55
1987;Stadtmobil;55
1988;Stadtmobil;41
2010;Stadtmobil;4
2011;Stadtmobil;1
2012;Stadtmobil;2
2013;Stadtmobil;12
2014;Stadtmobil;12
2015;Stadtmobil;14
2016;Stadtmobil;30
2017;Stadtmobil;18
2018;Stadtmobil;18
2019;Stadtmobil;14
2021;Stadtmobil;30
2022;Stadtmobil;13
2023;Stadtmobil;12
2024;Stadtmobil;14
2025;Stadtmobil;13
2026;Stadtmobil;25
2111;Stadtmobil;0
2112;Stadtmobil;0
2113;Stadtmobil;0
2114;Stadtmobil;0
2115;Stadtmobil;0
2116;Stadtmobil;0
2211;Stadtmobil;0
2212;Stadtmobil;2
2213;Stadtmobil;2
2214;Stadtmobil;0
2311;Stadtmobil;25
2312;Stadtmobil;18
2313;Stadtmobil;20
2314;Stadtmobil;18
2315;Stadtmobil;3
2316;Stadtmobil;2
2317;Stadtmobil;4
2411;Stadtmobil;0
2412;Stadtmobil;0
2413;Stadtmobil;0
2414;Stadtmobil;0
2415;Stadtmobil;1
2511;Stadtmobil;2
2512;Stadtmobil;0
2513;Stadtmobil;0
2514;Stadtmobil;2
2516;Stadtmobil;0
2611;Stadtmobil;8
2612;Stadtmobil;34
2613;Stadtmobil;37
2614;Stadtmobil;50
2615;Stadtmobil;49
2620;Stadtmobil;13
2621;Stadtmobil;13
2622;Stadtmobil;14
2623;Stadtmobil;14
2624;Stadtmobil;13
2625;Stadtmobil;22
2626;Stadtmobil;38
2627;Stadtmobil;48
2628;Stadtmobil;41
2629;Stadtmobil;45
2631;Stadtmobil;13
2632;Stadtmobil;37
2633;Stadtmobil;44
2634;Stadtmobil;5
2636;Stadtmobil;8
2637;Stadtmobil;10
2641;Stadtmobil;52
2642;Stadtmobil;65
2643;Stadtmobil;70
2644;Stadtmobil;55
2645;Stadtmobil;49
2646;Stadtmobil;54
2651;Stadtmobil;7
2712;Stadtmobil;322
2713;Stadtmobil;69
2715;Stadtmobil;75
2721;Stadtmobil;185
2722;Stadtmobil;86
2731;Stadtmobil;230
2732;Stadtmobil;219
2733;Stadtmobil;81
2734;Stadtmobil;111
3111;Stadtmobil;6
3112;Stadtmobil;6
3113;Stadtmobil;6
3114;Stadtmobil;4
3115;Stadtmobil;4
3116;Stadtmobil;0
3117;Stadtmobil;7
3118;Stadtmobil;8
3121;Stadtmobil;6
3122;Stadtmobil;8
3123;Stadtmobil;4
3124;Stadtmobil;2
3130;Stadtmobil;2
3211;Stadtmobil;1
3212;Stadtmobil;0
3213;Stadtmobil;1
3214;Stadtmobil;1
3215;Stadtmobil;1
3216;Stadtmobil;1
3217;Stadtmobil;1
3221;Stadtmobil;1
3222;Stadtmobil;1
3223;Stadtmobil;2
3311;Stadtmobil;28
3312;Stadtmobil;13
3313;Stadtmobil;8
3321;Stadtmobil;6
3322;Stadtmobil;7
3323;Stadtmobil;9
3324;Stadtmobil;7
3325;Stadtmobil;9
3326;Stadtmobil;9
3327;Stadtmobil;0
3328;Stadtmobil;0
3329;Stadtmobil;0
3331;Stadtmobil;1
3332;Stadtmobil;0
3333;Stadtmobil;0
3334;Stadtmobil;0
3335;Stadtmobil;0
3336;Stadtmobil;0
3341;Stadtmobil;2
3342;Stadtmobil;1
3343;Stadtmobil;1
3344;Stadtmobil;1
3346;Stadtmobil;2
3350;Stadtmobil;0
3401;Stadtmobil;3
3402;Stadtmobil;3
3403;Stadtmobil;3
3404;Stadtmobil;0
3405;Stadtmobil;2
3406;Stadtmobil;2
3407;Stadtmobil;3
3408;Stadtmobil;3
3409;Stadtmobil;3
3410;Stadtmobil;1
3411;Stadtmobil;0
3412;Stadtmobil;0
3511;Stadtmobil;3
3512;Stadtmobil;2
3513;Stadtmobil;3
3514;Stadtmobil;3
3515;Stadtmobil;3
3516;Stadtmobil;1
3517;Stadtmobil;3
3518;Stadtmobil;3
3519;Stadtmobil;12
3521;Stadtmobil;0
3522;Stadtmobil;0
3523;Stadtmobil;0
3531;Stadtmobil;2
3532;Stadtmobil;0
3533;Stadtmobil;0
3534;Stadtmobil;0
3535;Stadtmobil;0
3537;Stadtmobil;2
3538;Stadtmobil;3
3541;Stadtmobil;0
3542;Stadtmobil;0
3543;Stadtmobil;0
3544;Stadtmobil;0
3545;Stadtmobil;0
3611;Stadtmobil;0
3612;Stadtmobil;0
3613;Stadtmobil;0
3621;Stadtmobil;3
3622;Stadtmobil;0
3631;Stadtmobil;0
3632;Stadtmobil;3
3633;Stadtmobil;3
3634;Stadtmobil;3
3635;Stadtmobil;3
3636;Stadtmobil;3
3637;Stadtmobil;0
3641;Stadtmobil;0
3642;Stadtmobil;0
3643;Stadtmobil;0
3644;Stadtmobil;0
3651;Stadtmobil;0
3652;Stadtmobil;0
3653;Stadtmobil;0
3661;Stadtmobil;1
3662;Stadtmobil;1
3671;Stadtmobil;2
3672;Stadtmobil;2
3673;Stadtmobil;2
3674;Stadtmobil;2
3675;Stadtmobil;2
3681;Stadtmobil;2
3682;Stadtmobil;5
3683;Stadtmobil;5
3684;Stadtmobil;2
3710;Stadtmobil;0
3720;Stadtmobil;0
3730;Stadtmobil;0
3740;Stadtmobil;0
3750;Stadtmobil;0
3813;Stadtmobil;13
3814;Stadtmobil;26
3815;Stadtmobil;28
3816;Stadtmobil;27
3817;Stadtmobil;26
3818;Stadtmobil;25
3819;Stadtmobil;25
3821;Stadtmobil;32
3822;Stadtmobil;32
3823;Stadtmobil;28
3824;Stadtmobil;28
3825;Stadtmobil;28
3826;Stadtmobil;28
3827;Stadtmobil;27
3829;Stadtmobil;19
3831;Stadtmobil;12
3833;Stadtmobil;2
3835;Stadtmobil;12
3836;Stadtmobil;4
3837;Stadtmobil;16
3838;Stadtmobil;10
3841;Stadtmobil;32
3842;Stadtmobil;2
3843;Stadtmobil;17
3844;Stadtmobil;1
3851;Stadtmobil;1
3852;Stadtmobil;1
3861;Stadtmobil;0
3862;Stadtmobil;1
3863;Stadtmobil;0
3864;Stadtmobil;0
3871;Stadtmobil;22
3872;Stadtmobil;1
3873;Stadtmobil;22
3874;Stadtmobil;2
3875;Stadtmobil;0
3876;Stadtmobil;1
3877;Stadtmobil;1
3891;Stadtmobil;2
3892;Stadtmobil;2
3893;Stadtmobil;2
3894;Stadtmobil;1
3895;Stadtmobil;1
3896;Stadtmobil;2
3911;Stadtmobil;5
3913;Stadtmobil;4
3914;Stadtmobil;4
3915;Stadtmobil;4
3916;Stadtmobil;4
3917;Stadtmobil;4
3918;Stadtmobil;5
3919;Stadtmobil;4
3921;Stadtmobil;2
3922;Stadtmobil;3
3923;Stadtmobil;1
3931;Stadtmobil;4
3932;Stadtmobil;4
3933;Stadtmobil;4
3934;Stadtmobil;4
3935;Stadtmobil;3
3936;Stadtmobil;4
3937;Stadtmobil;5
3938;Stadtmobil;5
3939;Stadtmobil;0
3941;Stadtmobil;0
3942;Stadtmobil;0
3943;Stadtmobil;0
3949;Stadtmobil;5
3950;Stadtmobil;5
3951;Stadtmobil;0
3952;Stadtmobil;3
3953;Stadtmobil;4
3954;Stadtmobil;2
4111;Stadtmobil;2
4112;Stadtmobil;4
4113;Stadtmobil;0
4114;Stadtmobil;0
4115;Stadtmobil;15
4116;Stadtmobil;15
4117;Stadtmobil;15
4118;Stadtmobil;15
4119;Stadtmobil;15
4121;Stadtmobil;15
4122;Stadtmobil;15
4123;Stadtmobil;15
4124;Stadtmobil;3
4125;Stadtmobil;15
4126;Stadtmobil;3
4127;Stadtmobil;15
4128;Stadtmobil;15
4131;Stadtmobil;15
4132;Stadtmobil;12
4133;Stadtmobil;4
4134;Stadtmobil;0
4135;Stadtmobil;10
4136;Stadtmobil;1
4141;Stadtmobil;13
4142;Stadtmobil;15
4143;Stadtmobil;15
4145;Stadtmobil;3
4146;Stadtmobil;14
4211;Stadtmobil;1
4212;Stadtmobil;1
4213;Stadtmobil;1
4214;Stadtmobil;1
4215;Stadtmobil;1
4216;Stadtmobil;1
4220;Stadtmobil;0
4230;Stadtmobil;0
4241;Stadtmobil;0
4242;Stadtmobil;2
4251;Stadtmobil;1
4252;Stadtmobil;1
4253;Stadtmobil;1
4254;Stadtmobil;1
4255;Stadtmobil;1
4261;Stadtmobil;3
4262;Stadtmobil;2
4263;Stadtmobil;2
4271;Stadtmobil;4
4272;Stadtmobil;3
4273;Stadtmobil;3
4274;Stadtmobil;5
4281;Stadtmobil;3
4282;Stadtmobil;4
4283;Stadtmobil;4
4284;Stadtmobil;4
4291;Stadtmobil;2
4292;Stadtmobil;2
4311;Stadtmobil;1
4312;Stadtmobil;1
4313;Stadtmobil;0
4314;Stadtmobil;1
4315;Stadtmobil;0
4321;Stadtmobil;1
4322;Stadtmobil;0
4323;Stadtmobil;1
4330;Stadtmobil;2
4340;Stadtmobil;0
4411;Stadtmobil;0
4412;Stadtmobil;0
4413;Stadtmobil;0
4414;Stadtmobil;0
4415;Stadtmobil;0
4416;Stadtmobil;0
4420;Stadtmobil;0
4430;Stadtmobil;0
4441;Stadtmobil;0
4442;Stadtmobil;0
4451;Stadtmobil;0
4452;Stadtmobil;0
4461;Stadtmobil;0
4462;Stadtmobil;0
4471;Stadtmobil;0
4472;Stadtmobil;0
4480;Stadtmobil;0
4510;Stadtmobil;2
4520;Stadtmobil;2
4530;Stadtmobil;3
4540;Stadtmobil;1
4551;Stadtmobil;2
4552;Stadtmobil;0
4561;Stadtmobil;3
4562;Stadtmobil;3
4571;Stadtmobil;1
4572;Stadtmobil;1
4581;Stadtmobil;2
4582;Stadtmobil;2
4590;Stadtmobil;0
4595;Stadtmobil;0
4597;Stadtmobil;0
4611;Stadtmobil;1
4612;Stadtmobil;1
4613;Stadtmobil;1
4614;Stadtmobil;1
4615;Stadtmobil;1
4616;Stadtmobil;0
4621;Stadtmobil;2
4622;Stadtmobil;2
4623;Stadtmobil;2
4624;Stadtmobil;2
4630;Stadtmobil;2
4711;Stadtmobil;3
4712;Stadtmobil;3
4721;Stadtmobil;3
4722;Stadtmobil;2
4731;Stadtmobil;3
4732;Stadtmobil;3
4734;Stadtmobil;2
4735;Stadtmobil;3
4741;Stadtmobil;0
4746;Stadtmobil;0
4751;Stadtmobil;0
4756;Stadtmobil;0
4761;Stadtmobil;0
4762;Stadtmobil;0
4770;Stadtmobil;0
4780;Stadtmobil;0
4785;Stadtmobil;0
4790;Stadtmobil;0
4810;Stadtmobil;0
4820;Stadtmobil;0
4830;Stadtmobil;0
4840;Stadtmobil;1
4850;Stadtmobil;2
4860;Stadtmobil;0
4870;Stadtmobil;2
4880;Stadtmobil;0
4890;Stadtmobil;0
4910;Stadtmobil;1
4921;Stadtmobil;2
4922;Stadtmobil;1
4931;Stadtmobil;0
4932;Stadtmobil;0
4939;Stadtmobil;0
4940;Stadtmobil;0
4949;Stadtmobil;0
4950;Stadtmobil;0
4961;Stadtmobil;0
4962;Stadtmobil;0
4963;Stadtmobil;0
4964;Stadtmobil;0
4971;Stadtmobil;0
4972;Stadtmobil;0
4973;Stadtmobil;0
4974;Stadtmobil;0
4980;Stadtmobil;0
5010;Stadtmobil;18
5020;Stadtmobil;23
5030;Stadtmobil;21
5040;Stadtmobil;21
5050;Stadtmobil;3
5090;Stadtmobil;0
5100;Stadtmobil;17
5150;Stadtmobil;1
5200;Stadtmobil;5
5210;Stadtmobil;0
5221;Stadtmobil;0
5230;Stadtmobil;0
5240;Stadtmobil;0
5250;Stadtmobil;2
5270;Stadtmobil;0
5280;Stadtmobil;0
5310;Stadtmobil;0
5320;Stadtmobil;0
5330;Stadtmobil;0
5335;Stadtmobil;0
5340;Stadtmobil;0
5350;Stadtmobil;0
5360;Stadtmobil;0
5370;Stadtmobil;0
5380;Stadtmobil;0
5391;Stadtmobil;0
5392;Stadtmobil;0
5393;Stadtmobil;0
5410;Stadtmobil;0
5420;Stadtmobil;0
5430;Stadtmobil;0
5440;Stadtmobil;0
5451;Stadtmobil;0
5452;Stadtmobil;0
5453;Stadtmobil;0
5460;Stadtmobil;0
5471;Stadtmobil;0
5472;Stadtmobil;0
5480;Stadtmobil;0
5488;Stadtmobil;0
5490;Stadtmobil;0
5498;Stadtmobil;0
5499;Stadtmobil;0
5510;Stadtmobil;0
5519;Stadtmobil;0
5521;Stadtmobil;0
5522;Stadtmobil;0
5523;Stadtmobil;0
5524;Stadtmobil;0
5525;Stadtmobil;0
5530;Stadtmobil;0
5540;Stadtmobil;0
5549;Stadtmobil;0
5550;Stadtmobil;0
5560;Stadtmobil;0
5565;Stadtmobil;0
5570;Stadtmobil;0
5581;Stadtmobil;0
5582;Stadtmobil;0
5583;Stadtmobil;0
5584;Stadtmobil;0
5585;Stadtmobil;0
5591;Stadtmobil;0
5592;Stadtmobil;0
5595;Stadtmobil;0
5610;Stadtmobil;0
5620;Stadtmobil;0
5710;Stadtmobil;0
5720;Stadtmobil;0
5730;Stadtmobil;0
5740;Stadtmobil;0
5751;Stadtmobil;0
5752;Stadtmobil;0
5753;Stadtmobil;0
5754;Stadtmobil;0
6111;Stadtmobil;8
6112;Stadtmobil;8
6121;Stadtmobil;8
6122;Stadtmobil;0
6131;Stadtmobil;8
6132;Stadtmobil;4
6140;Stadtmobil;6
6151;Stadtmobil;8
6152;Stadtmobil;8
6160;Stadtmobil;4
6170;Stadtmobil;8
6181;Stadtmobil;8
6182;Stadtmobil;0
6190;Stadtmobil;2
6210;Stadtmobil;0
6220;Stadtmobil;0
6230;Stadtmobil;0
6240;Stadtmobil;0
6250;Stadtmobil;0
6261;Stadtmobil;0
6262;Stadtmobil;0
6271;Stadtmobil;0
6272;Stadtmobil;0
6280;Stadtmobil;0
6310;Stadtmobil;0
6320;Stadtmobil;0
6330;Stadtmobil;0
6341;Stadtmobil;1
6342;Stadtmobil;1
6343;Stadtmobil;1
6350;Stadtmobil;2
6361;Stadtmobil;0
6362;Stadtmobil;0
6413;Stadtmobil;0
6414;Stadtmobil;0
6415;Stadtmobil;0
6416;Stadtmobil;0
6417;Stadtmobil;0
6420;Stadtmobil;0
6430;Stadtmobil;0
6440;Stadtmobil;0
6450;Stadtmobil;0
6511;Stadtmobil;0
6512;Stadtmobil;0
6513;Stadtmobil;0
6514;Stadtmobil;0
6515;Stadtmobil;0
6521;Stadtmobil;0
6522;Stadtmobil;0
6523;Stadtmobil;0
6524;Stadtmobil;0
6525;Stadtmobil;0
6526;Stadtmobil;0
6531;Stadtmobil;0
6533;Stadtmobil;0
6535;Stadtmobil;0
6536;Stadtmobil;0
6537;Stadtmobil;0
6538;Stadtmobil;0
6539;Stadtmobil;0
6541;Stadtmobil;0
6542;Stadtmobil;0
6543;Stadtmobil;0
6544;Stadtmobil;0
6545;Stadtmobil;0
6546;Stadtmobil;0
6547;Stadtmobil;0
6548;Stadtmobil;0
6550;Stadtmobil;0
6561;Stadtmobil;0
6562;Stadtmobil;0
6571;Stadtmobil;0
6572;Stadtmobil;0
6573;Stadtmobil;0
6574;Stadtmobil;0
6576;Stadtmobil;0
6577;Stadtmobil;0
6611;Stadtmobil;10
6612;Stadtmobil;10
6613;Stadtmobil;10
6614;Stadtmobil;6
6615;Stadtmobil;9
6616;Stadtmobil;9
6617;Stadtmobil;10
6618;Stadtmobil;10
6619;Stadtmobil;10
6620;Stadtmobil;10
6621;Stadtmobil;9
6622;Stadtmobil;9
6623;Stadtmobil;7
6624;Stadtmobil;7
6631;Stadtmobil;10
6632;Stadtmobil;1
6633;Stadtmobil;7
6634;Stadtmobil;5
6635;Stadtmobil;9
6636;Stadtmobil;8
6637;Stadtmobil;4
6638;Stadtmobil;0
6639;Stadtmobil;0
6640;Stadtmobil;5
6641;Stadtmobil;5
6642;Stadtmobil;7
6643;Stadtmobil;5
6644;Stadtmobil;5
6645;Stadtmobil;5
6646;Stadtmobil;1
6647;Stadtmobil;5
6650;Stadtmobil;0
6660;Stadtmobil;0
6670;Stadtmobil;0
6681;Stadtmobil;0
6682;Stadtmobil;0
6683;Stadtmobil;0
6684;Stadtmobil;0
6685;Stadtmobil;0
6711;Stadtmobil;0
6712;Stadtmobil;0
6715;Stadtmobil;0
6720;Stadtmobil;0
6730;Stadtmobil;0
6731;Stadtmobil;0
6732;Stadtmobil;0
6733;Stadtmobil;2
6734;Stadtmobil;0
6735;Stadtmobil;0
6736;Stadtmobil;0
6737;Stadtmobil;0
6738;Stadtmobil;0
6741;Stadtmobil;0
6743;Stadtmobil;0
6744;Stadtmobil;0
6745;Stadtmobil;0
6746;Stadtmobil;0
6747;Stadtmobil;0
6748;Stadtmobil;0
6749;Stadtmobil;0
6751;Stadtmobil;0
6752;Stadtmobil;0
6753;Stadtmobil;0
6754;Stadtmobil;0
6755;Stadtmobil;0
6756;Stadtmobil;0
6757;Stadtmobil;0
6759;Stadtmobil;0
6761;Stadtmobil;0
6762;Stadtmobil;0
6763;Stadtmobil;0
6764;Stadtmobil;0
6765;Stadtmobil;0
6770;Stadtmobil;0
6772;Stadtmobil;0
6773;Stadtmobil;0
6774;Stadtmobil;0
6775;Stadtmobil;0
6781;Stadtmobil;0
6782;Stadtmobil;0
6785;Stadtmobil;0
7110;Stadtmobil;0
7120;Stadtmobil;0
7130;Stadtmobil;0
7140;Stadtmobil;0
7150;Stadtmobil;0
7160;Stadtmobil;0
7210;Stadtmobil;0
7220;Stadtmobil;0
7230;Stadtmobil;0
7240;Stadtmobil;0
7250;Stadtmobil;0
7310;Stadtmobil;0
7320;Stadtmobil;0
7330;Stadtmobil;0
7340;Stadtmobil;0
7410;Stadtmobil;0
7420;Stadtmobil;0
7430;Stadtmobil;0
7440;Stadtmobil;0
7450;Stadtmobil;0
7500;Stadtmobil;0
7600;Stadtmobil;0
7710;Stadtmobil;0
7720;Stadtmobil;0
7730;Stadtmobil;0
7740;Stadtmobil;0
7750;Stadtmobil;0
8111;Stadtmobil;0
8112;Stadtmobil;0
8113;Stadtmobil;0
8114;Stadtmobil;0
8115;Stadtmobil;0
8121;Stadtmobil;0
8122;Stadtmobil;0
8123;Stadtmobil;0
8124;Stadtmobil;0
8125;Stadtmobil;0
8131;Stadtmobil;0
8132;Stadtmobil;0
8133;Stadtmobil;0
8134;Stadtmobil;0
8141;Stadtmobil;0
8142;Stadtmobil;0
8143;Stadtmobil;0
8151;Stadtmobil;0
8152;Stadtmobil;0
8154;Stadtmobil;0
8161;Stadtmobil;0
8162;Stadtmobil;0
8163;Stadtmobil;0
8164;Stadtmobil;0
8211;Stadtmobil;2
8212;Stadtmobil;2
8213;Stadtmobil;2
8214;Stadtmobil;2
8215;Stadtmobil;2
8216;Stadtmobil;2
8217;Stadtmobil;0
8218;Stadtmobil;0
8221;Stadtmobil;2
8222;Stadtmobil;2
8223;Stadtmobil;2
8224;Stadtmobil;2
8231;Stadtmobil;0
8232;Stadtmobil;0
8241;Stadtmobil;0
8242;Stadtmobil;0
8251;Stadtmobil;0
8252;Stadtmobil;0
8253;Stadtmobil;0
8254;Stadtmobil;0
8261;Stadtmobil;0
8262;Stadtmobil;0
8263;Stadtmobil;0
8270;Stadtmobil;0
8280;Stadtmobil;0
8290;Stadtmobil;0
8311;Stadtmobil;1
8312;Stadtmobil;0
8313;Stadtmobil;1
8314;Stadtmobil;0
8315;Stadtmobil;1
8316;Stadtmobil;0
8321;Stadtmobil;0
8322;Stadtmobil;0
8323;Stadtmobil;0
8330;Stadtmobil;0
8341;Stadtmobil;0
8342;Stadtmobil;0
8411;Stadtmobil;0
8412;Stadtmobil;0
8420;Stadtmobil;0
8431;Stadtmobil;0
8432;Stadtmobil;0
8440;Stadtmobil;0
8450;Stadtmobil;0
8460;Stadtmobil;1
8470;Stadtmobil;0
8481;Stadtmobil;1
8482;Stadtmobil;1
8483;Stadtmobil;1
8484;Stadtmobil;1
8511;Stadtmobil;0
8512;Stadtmobil;0
8513;Stadtmobil;0
8514;Stadtmobil;0
8521;Stadtmobil;0
8522;Stadtmobil;0
8523;Stadtmobil;0
8524;Stadtmobil;0
8528;Stadtmobil;0
8529;Stadtmobil;0
8530;Stadtmobil;0
8540;Stadtmobil;0
8550;Stadtmobil;0
8561;Stadtmobil;0
8562;Stadtmobil;0
8563;Stadtmobil;0
8564;Stadtmobil;0
8565;Stadtmobil;0
8566;Stadtmobil;0
8567;Stadtmobil;0
8571;Stadtmobil;0
8572;Stadtmobil;0
8573;Stadtmobil;0
8574;Stadtmobil;0
8575;Stadtmobil;0
8581;Stadtmobil;0
8582;Stadtmobil;0
8583;Stadtmobil;0
8584;Stadtmobil;0
8585;Stadtmobil;0
8612;Stadtmobil;10
8613;Stadtmobil;10
8615;Stadtmobil;2
8616;Stadtmobil;10
8617;Stadtmobil;12
8618;Stadtmobil;12
8619;Stadtmobil;6
8620;Stadtmobil;6
8621;Stadtmobil;0
8622;Stadtmobil;2
8623;Stadtmobil;0
8624;Stadtmobil;0
8625;Stadtmobil;0
8626;Stadtmobil;0
8627;Stadtmobil;0
8628;Stadtmobil;3
8629;Stadtmobil;0
8630;Stadtmobil;12
8631;Stadtmobil;12
8632;Stadtmobil;12
8712;Stadtmobil;0
8713;Stadtmobil;0
8714;Stadtmobil;0
8715;Stadtmobil;0
8716;Stadtmobil;0
8717;Stadtmobil;1
8718;Stadtmobil;0
8721;Stadtmobil;0
8722;Stadtmobil;0
8731;Stadtmobil;0
8733;Stadtmobil;0
8734;Stadtmobil;0
8735;Stadtmobil;0
8736;Stadtmobil;0
8737;Stadtmobil;0
8751;Stadtmobil;1
8752;Stadtmobil;1
8753;Stadtmobil;1
8754;Stadtmobil;0
8755;Stadtmobil;1
8756;Stadtmobil;1
8757;Stadtmobil;0
8758;Stadtmobil;0
8759;Stadtmobil;1
8761;Stadtmobil;0
8762;Stadtmobil;0
8763;Stadtmobil;0
8764;Stadtmobil;0
8771;Stadtmobil;0
8772;Stadtmobil;0
8775;Stadtmobil;0
8776;Stadtmobil;0
8811;Stadtmobil;0
8815;Stadtmobil;0
8816;Stadtmobil;0
8817;Stadtmobil;0
8818;Stadtmobil;0
8821;Stadtmobil;0
8822;Stadtmobil;0
8823;Stadtmobil;0
8824;Stadtmobil;0
8841;Stadtmobil;0
8842;Stadtmobil;0
8843;Stadtmobil;0
8844;Stadtmobil;0
8845;Stadtmobil;0
8846;Stadtmobil;0
8847;Stadtmobil;0
10010;Stadtmobil;0
10020;Stadtmobil;0
10030;Stadtmobil;0
10040;Stadtmobil;0
10050;Stadtmobil;0
10060;Stadtmobil;0
10070;Stadtmobil;0
10080;Stadtmobil;0
10090;Stadtmobil;0
10100;Stadtmobil;0
10110;Stadtmobil;0
10120;Stadtmobil;0
10130;Stadtmobil;0
10140;Stadtmobil;0
10150;Stadtmobil;0
10160;Stadtmobil;0
10170;Stadtmobil;0
10180;Stadtmobil;0
10190;Stadtmobil;0
10200;Stadtmobil;0
10210;Stadtmobil;0
10220;Stadtmobil;0
10230;Stadtmobil;0
10240;Stadtmobil;0
10250;Stadtmobil;0
10260;Stadtmobil;0
10270;Stadtmobil;0
10280;Stadtmobil;0
10290;Stadtmobil;0
10300;Stadtmobil;0
10310;Stadtmobil;0
10320;Stadtmobil;0
10330;Stadtmobil;0
10340;Stadtmobil;0
10350;Stadtmobil;0
10360;Stadtmobil;0
10370;Stadtmobil;0
10380;Stadtmobil;0
10390;Stadtmobil;0
10400;Stadtmobil;0
10410;Stadtmobil;0
10420;Stadtmobil;0
10430;Stadtmobil;0
10440;Stadtmobil;0
10450;Stadtmobil;0
10460;Stadtmobil;0
10470;Stadtmobil;0
10480;Stadtmobil;0
10490;Stadtmobil;0
10500;Stadtmobil;0
10510;Stadtmobil;0
10520;Stadtmobil;0
10530;Stadtmobil;0
10540;Stadtmobil;0
10550;Stadtmobil;0
10560;Stadtmobil;0
10570;Stadtmobil;0
10580;Stadtmobil;0
10590;Stadtmobil;0
10600;Stadtmobil;0
10610;Stadtmobil;0
10620;Stadtmobil;0
10630;Stadtmobil;0
10640;Stadtmobil;0
10650;Stadtmobil;0
10660;Stadtmobil;0
10670;Stadtmobil;0
10680;Stadtmobil;0
10690;Stadtmobil;0
10700;Stadtmobil;0
10710;Stadtmobil;0
10720;Stadtmobil;0
10730;Stadtmobil;0
10740;Stadtmobil;0
10750;Stadtmobil;0
10760;Stadtmobil;0
10770;Stadtmobil;0
10780;Stadtmobil;0
10790;Stadtmobil;0
10800;Stadtmobil;0
10810;Stadtmobil;0
10820;Stadtmobil;0
10830;Stadtmobil;0
10840;Stadtmobil;0
10850;Stadtmobil;0
10860;Stadtmobil;0
10870;Stadtmobil;0
10880;Stadtmobil;0
10890;Stadtmobil;0
10900;Stadtmobil;0
10910;Stadtmobil;0
10920;Stadtmobil;0
10930;Stadtmobil;0
10940;Stadtmobil;0
10950;Stadtmobil;0
10960;Stadtmobil;0
10970;Stadtmobil;0
10980;Stadtmobil;0
10990;Stadtmobil;0
11000;Stadtmobil;0
11010;Stadtmobil;0
11020;Stadtmobil;0
11030;Stadtmobil;0
11040;Stadtmobil;0
11050;Stadtmobil;0
11060;Stadtmobil;0
11070;Stadtmobil;0
11080;Stadtmobil;0
11090;Stadtmobil;0
11100;Stadtmobil;0
11110;Stadtmobil;0
11120;Stadtmobil;0
11130;Stadtmobil;0
11140;Stadtmobil;0
11150;Stadtmobil;0
11160;Stadtmobil;0
11170;Stadtmobil;0
11180;Stadtmobil;0
11190;Stadtmobil;0
11200;Stadtmobil;0
11210;Stadtmobil;0
11220;Stadtmobil;0
11230;Stadtmobil;0
11240;Stadtmobil;0
11250;Stadtmobil;0
11260;Stadtmobil;0
11270;Stadtmobil;0
11280;Stadtmobil;0
11290;Stadtmobil;0
11300;Stadtmobil;0
11310;Stadtmobil;0
11320;Stadtmobil;0
11330;Stadtmobil;0
11340;Stadtmobil;0
11350;Stadtmobil;0
11360;Stadtmobil;0
11370;Stadtmobil;0
11380;Stadtmobil;0
11390;Stadtmobil;0
11400;Stadtmobil;0
11410;Stadtmobil;0
11420;Stadtmobil;0
11430;Stadtmobil;0
11440;Stadtmobil;0
11450;Stadtmobil;0
11460;Stadtmobil;0
11470;Stadtmobil;0
11480;Stadtmobil;0
11490;Stadtmobil;0
11500;Stadtmobil;0
11510;Stadtmobil;0
11520;Stadtmobil;0
11530;Stadtmobil;0
11540;Stadtmobil;0
11550;Stadtmobil;0
11560;Stadtmobil;0
11570;Stadtmobil;0
11580;Stadtmobil;0
11590;Stadtmobil;0
11600;Stadtmobil;0
11610;Stadtmobil;0
11620;Stadtmobil;0
11630;Stadtmobil;0
11640;Stadtmobil;0
11650;Stadtmobil;0
11660;Stadtmobil;0
11670;Stadtmobil;0
11680;Stadtmobil;0
11690;Stadtmobil;0
11700;Stadtmobil;0
11710;Stadtmobil;0
11720;Stadtmobil;0
11730;Stadtmobil;0
11740;Stadtmobil;0
11750;Stadtmobil;0
11760;Stadtmobil;0
11770;Stadtmobil;0
11780;Stadtmobil;0
11790;Stadtmobil;0
11800;Stadtmobil;0
11810;Stadtmobil;0
11820;Stadtmobil;0
11830;Stadtmobil;0
11840;Stadtmobil;0
11850;Stadtmobil;0
11860;Stadtmobil;0
11870;Stadtmobil;0
11880;Stadtmobil;0
11890;Stadtmobil;0
11900;Stadtmobil;0
11910;Stadtmobil;0
11920;Stadtmobil;0
11930;Stadtmobil;0
11940;Stadtmobil;0
11950;Stadtmobil;0
11960;Stadtmobil;0
11970;Stadtmobil;0
11980;Stadtmobil;1
11990;Stadtmobil;0
12000;Stadtmobil;0
12010;Stadtmobil;0
12020;Stadtmobil;0
12030;Stadtmobil;0
12040;Stadtmobil;0
12050;Stadtmobil;0
12060;Stadtmobil;0
12070;Stadtmobil;0
12080;Stadtmobil;0
12090;Stadtmobil;0
12100;Stadtmobil;0
12110;Stadtmobil;0
12120;Stadtmobil;0
12130;Stadtmobil;0
12140;Stadtmobil;0
12150;Stadtmobil;0
12160;Stadtmobil;0
12170;Stadtmobil;0
12180;Stadtmobil;0
12190;Stadtmobil;0
12200;Stadtmobil;0
12210;Stadtmobil;0
12220;Stadtmobil;0
12230;Stadtmobil;0
12240;Stadtmobil;0
12250;Stadtmobil;0
12260;Stadtmobil;0
12270;Stadtmobil;0
12280;Stadtmobil;0
12290;Stadtmobil;0
12300;Stadtmobil;0
12310;Stadtmobil;0
12320;Stadtmobil;0
12330;Stadtmobil;0
12340;Stadtmobil;0
12350;Stadtmobil;0
12360;Stadtmobil;0
12370;Stadtmobil;0
12380;Stadtmobil;0
12390;Stadtmobil;0
12400;Stadtmobil;0
12410;Stadtmobil;0
12420;Stadtmobil;0
12430;Stadtmobil;0
12440;Stadtmobil;0
12450;Stadtmobil;0
12460;Stadtmobil;0
12470;Stadtmobil;0
12480;Stadtmobil;0
12490;Stadtmobil;0
12500;Stadtmobil;0
12510;Stadtmobil;0
12520;Stadtmobil;1
12530;Stadtmobil;0
12540;Stadtmobil;0
12550;Stadtmobil;0
12560;Stadtmobil;0
12570;Stadtmobil;0
12580;Stadtmobil;0
12590;Stadtmobil;0
12600;Stadtmobil;0
12610;Stadtmobil;0
12620;Stadtmobil;0
12630;Stadtmobil;0
12640;Stadtmobil;0
12650;Stadtmobil;0
12660;Stadtmobil;0
12670;Stadtmobil;0
12680;Stadtmobil;0
12690;Stadtmobil;0
12700;Stadtmobil;0
12710;Stadtmobil;0
12720;Stadtmobil;0
12730;Stadtmobil;0
12740;Stadtmobil;0
12750;Stadtmobil;0
12760;Stadtmobil;0
12770;Stadtmobil;0
12780;Stadtmobil;0
12790;Stadtmobil;0
12800;Stadtmobil;0
12810;Stadtmobil;0
12820;Stadtmobil;0
12830;Stadtmobil;0
12840;Stadtmobil;0
12850;Stadtmobil;0
12860;Stadtmobil;0
12870;Stadtmobil;0
12880;Stadtmobil;0
12890;Stadtmobil;0
12900;Stadtmobil;0
12910;Stadtmobil;0
12920;Stadtmobil;0
12930;Stadtmobil;0
12940;Stadtmobil;0
12950;Stadtmobil;0
12960;Stadtmobil;0
12970;Stadtmobil;0
12980;Stadtmobil;0
12990;Stadtmobil;0
13000;Stadtmobil;0
13010;Stadtmobil;0
13020;Stadtmobil;0
13030;Stadtmobil;0
13040;Stadtmobil;0
13050;Stadtmobil;0
13060;Stadtmobil;0
13070;Stadtmobil;0
13080;Stadtmobil;0
13090;Stadtmobil;0
13100;Stadtmobil;0
13110;Stadtmobil;0
13120;Stadtmobil;0
13130;Stadtmobil;0
13140;Stadtmobil;0
13150;Stadtmobil;0
13160;Stadtmobil;0
13170;Stadtmobil;0
13180;Stadtmobil;0
13190;Stadtmobil;0
13200;Stadtmobil;0
13210;Stadtmobil;0
13220;Stadtmobil;0
13230;Stadtmobil;0
13240;Stadtmobil;0
13250;Stadtmobil;0
13260;Stadtmobil;0
13270;Stadtmobil;0
13280;Stadtmobil;0
13290;Stadtmobil;0
13300;Stadtmobil;0
13310;Stadtmobil;0
13320;Stadtmobil;0
13330;Stadtmobil;0
13340;Stadtmobil;0
13350;Stadtmobil;0
13360;Stadtmobil;0
13370;Stadtmobil;0
13380;Stadtmobil;0
13390;Stadtmobil;0
13400;Stadtmobil;0
13410;Stadtmobil;0
13420;Stadtmobil;0
13430;Stadtmobil;0
13440;Stadtmobil;0
13450;Stadtmobil;0
13460;Stadtmobil;0
13470;Stadtmobil;0
13480;Stadtmobil;0
13490;Stadtmobil;0
13500;Stadtmobil;0
13510;Stadtmobil;0
13520;Stadtmobil;0
13530;Stadtmobil;0
13540;Stadtmobil;0
13550;Stadtmobil;0
13560;Stadtmobil;0
13570;Stadtmobil;0
13580;Stadtmobil;0
13590;Stadtmobil;0
13600;Stadtmobil;0
13610;Stadtmobil;0
13620;Stadtmobil;0
13630;Stadtmobil;0
13640;Stadtmobil;0
13650;Stadtmobil;0
13660;Stadtmobil;0
13670;Stadtmobil;0
13680;Stadtmobil;0
13690;Stadtmobil;0
13700;Stadtmobil;0
13710;Stadtmobil;0
13720;Stadtmobil;0
13730;Stadtmobil;4
13740;Stadtmobil;2
13750;Stadtmobil;0
13760;Stadtmobil;5
13770;Stadtmobil;0
13780;Stadtmobil;0
13790;Stadtmobil;0
13800;Stadtmobil;0
13810;Stadtmobil;2
13820;Stadtmobil;0
13830;Stadtmobil;0
13840;Stadtmobil;0
13850;Stadtmobil;0
13860;Stadtmobil;0
13870;Stadtmobil;0
13880;Stadtmobil;0
13890;Stadtmobil;0
13900;Stadtmobil;0
13910;Stadtmobil;0
20000;Stadtmobil;0
20001;Stadtmobil;0
20002;Stadtmobil;0
20003;Stadtmobil;0
20004;Stadtmobil;0
20005;Stadtmobil;0
30000;Stadtmobil;0
30001;Stadtmobil;0
30002;Stadtmobil;0
30003;Stadtmobil;0
30004;Stadtmobil;0
30005;Stadtmobil;0
30006;Stadtmobil;0
30007;Stadtmobil;0
30008;Stadtmobil;0
30009;Stadtmobil;0
30010;Stadtmobil;0
30011;Stadtmobil;0
30012;Stadtmobil;0
30013;Stadtmobil;0
30014;Stadtmobil;0
30015;Stadtmobil;0
30016;Stadtmobil;0
30017;Stadtmobil;0
30018;Stadtmobil;0
30019;Stadtmobil;0
30020;Stadtmobil;0
30021;Stadtmobil;0
30022;Stadtmobil;0
30023;Stadtmobil;0
30024;Stadtmobil;0
30025;Stadtmobil;0
30026;Stadtmobil;0
30027;Stadtmobil;0
30028;Stadtmobil;0
30029;Stadtmobil;0
30030;Stadtmobil;0
30031;Stadtmobil;0
30032;Stadtmobil;0
30033;Stadtmobil;0
30034;Stadtmobil;0
30035;Stadtmobil;0
30036;Stadtmobil;0
30037;Stadtmobil;0
30038;Stadtmobil;0
30039;Stadtmobil;0
30040;Stadtmobil;0
30041;Stadtmobil;0
30042;Stadtmobil;0
30043;Stadtmobil;0
30044;Stadtmobil;0
30045;Stadtmobil;0
30046;Stadtmobil;0
30047;Stadtmobil;0
30048;Stadtmobil;0
30049;Stadtmobil;0
30050;Stadtmobil;0
30051;Stadtmobil;0
30052;Stadtmobil;0
30053;Stadtmobil;0
30054;Stadtmobil;0
40011;Stadtmobil;0
40012;Stadtmobil;0
40013;Stadtmobil;0
40014;Stadtmobil;0
40015;Stadtmobil;0
40016;Stadtmobil;0
40017;Stadtmobil;0
40018;Stadtmobil;0
40019;Stadtmobil;0
40020;Stadtmobil;0
40021;Stadtmobil;0
40022;Stadtmobil;0
40023;Stadtmobil;0
40024;Stadtmobil;0
40025;Stadtmobil;0
40026;Stadtmobil;0
40027;Stadtmobil;0
40028;Stadtmobil;0
40029;Stadtmobil;0
40030;Stadtmobil;0
40031;Stadtmobil;0
40032;Stadtmobil;0
40033;Stadtmobil;0
40034;Stadtmobil;0
40035;Stadtmobil;0
40036;Stadtmobil;0
40037;Stadtmobil;0
40038;Stadtmobil;0
40039;Stadtmobil;0
40040;Stadtmobil;0
40041;Stadtmobil;0
40042;Stadtmobil;0
40043;Stadtmobil;0
40044;Stadtmobil;0
40045;Stadtmobil;0
40046;Stadtmobil;0
40047;Stadtmobil;0
40048;Stadtmobil;0
40049;Stadtmobil;0
40050;Stadtmobil;0
40051;Stadtmobil;0
40052;Stadtmobil;0
40053;Stadtmobil;0
40054;Stadtmobil;0
40055;Stadtmobil;0
40056;Stadtmobil;0
40057;Stadtmobil;0
40058;Stadtmobil;0
40059;Stadtmobil;0
40060;Stadtmobil;0
40061;Stadtmobil;0
40062;Stadtmobil;0
40063;Stadtmobil;0
40064;Stadtmobil;0
40065;Stadtmobil;0
40066;Stadtmobil;0
40067;Stadtmobil;0
40068;Stadtmobil;0
40069;Stadtmobil;0
40070;Stadtmobil;0
40071;Stadtmobil;0
40072;Stadtmobil;0
40073;Stadtmobil;0
40074;Stadtmobil;0
40075;Stadtmobil;0
40076;Stadtmobil;0
40077;Stadtmobil;0
40078;Stadtmobil;0
40079;Stadtmobil;0
40080;Stadtmobil;0
40081;Stadtmobil;0
40082;Stadtmobil;0
40083;Stadtmobil;0
40084;Stadtmobil;0
40085;Stadtmobil;0
40086;Stadtmobil;0
40087;Stadtmobil;0
40088;Stadtmobil;0
40089;Stadtmobil;0
40090;Stadtmobil;0
40091;Stadtmobil;0
40092;Stadtmobil;0
40093;Stadtmobil;0
40094;Stadtmobil;0
40095;Stadtmobil;0
40096;Stadtmobil;0
40097;Stadtmobil;0
40098;Stadtmobil;0
40099;Stadtmobil;0
40100;Stadtmobil;0
40101;Stadtmobil;0
40102;Stadtmobil;0
40103;Stadtmobil;0
40104;Stadtmobil;0
40105;Stadtmobil;0
40106;Stadtmobil;0
40107;Stadtmobil;0
40108;Stadtmobil;0
40109;Stadtmobil;0
40110;Stadtmobil;0
40111;Stadtmobil;0
40112;Stadtmobil;0
40113;Stadtmobil;0
40115;Stadtmobil;0
40116;Stadtmobil;0
40117;Stadtmobil;0
40118;Stadtmobil;0
40119;Stadtmobil;0
40120;Stadtmobil;0
40121;Stadtmobil;0
40122;Stadtmobil;0
40123;Stadtmobil;0
40124;Stadtmobil;0
40125;Stadtmobil;0
40126;Stadtmobil;0
40127;Stadtmobil;0
40128;Stadtmobil;0
40129;Stadtmobil;0
40130;Stadtmobil;0
40131;Stadtmobil;0
40132;Stadtmobil;0
40133;Stadtmobil;0
40134;Stadtmobil;0
40135;Stadtmobil;0
40136;Stadtmobil;0
40137;Stadtmobil;0
40138;Stadtmobil;0
40139;Stadtmobil;0
40140;Stadtmobil;0
40141;Stadtmobil;0
40142;Stadtmobil;0
40143;Stadtmobil;0
40144;Stadtmobil;0
40145;Stadtmobil;0
40146;Stadtmobil;0
40147;Stadtmobil;0
40148;Stadtmobil;0
40149;Stadtmobil;0
40150;Stadtmobil;0
40151;Stadtmobil;0
40152;Stadtmobil;0
40153;Stadtmobil;0
40154;Stadtmobil;0
40155;Stadtmobil;0
40156;Stadtmobil;0
40157;Stadtmobil;0
40158;Stadtmobil;0
40159;Stadtmobil;0
40160;Stadtmobil;0
40161;Stadtmobil;0
40162;Stadtmobil;0
40163;Stadtmobil;0
40164;Stadtmobil;0
40165;Stadtmobil;0
40166;Stadtmobil;0
40167;Stadtmobil;0
40168;Stadtmobil;0
40169;Stadtmobil;0
40170;Stadtmobil;0
40171;Stadtmobil;0
40172;Stadtmobil;0
40173;Stadtmobil;0
40174;Stadtmobil;0
40175;Stadtmobil;0
40176;Stadtmobil;0
40177;Stadtmobil;0
40178;Stadtmobil;0
40179;Stadtmobil;0
40180;Stadtmobil;0
40181;Stadtmobil;0
40182;Stadtmobil;0
40183;Stadtmobil;0
40184;Stadtmobil;0
40185;Stadtmobil;0
40186;Stadtmobil;0
40187;Stadtmobil;0
40188;Stadtmobil;0
40190;Stadtmobil;0
40191;Stadtmobil;0
40192;Stadtmobil;0
40193;Stadtmobil;0
40194;Stadtmobil;0
40195;Stadtmobil;0
40197;Stadtmobil;0
40198;Stadtmobil;0
40199;Stadtmobil;0
40200;Stadtmobil;0
40201;Stadtmobil;0
40202;Stadtmobil;0
40203;Stadtmobil;0
40204;Stadtmobil;0
40205;Stadtmobil;0
40206;Stadtmobil;0
40207;Stadtmobil;0
40208;Stadtmobil;0
40209;Stadtmobil;0
40210;Stadtmobil;0
40211;Stadtmobil;0
40212;Stadtmobil;0
40213;Stadtmobil;0
40214;Stadtmobil;0
40215;Stadtmobil;0
40216;Stadtmobil;0
40217;Stadtmobil;0
40218;Stadtmobil;0
40219;Stadtmobil;0
40220;Stadtmobil;0
40221;Stadtmobil;0
40222;Stadtmobil;0
40223;Stadtmobil;0
40224;Stadtmobil;0
40225;Stadtmobil;0
40226;Stadtmobil;0
40227;Stadtmobil;0
40228;Stadtmobil;0
40229;Stadtmobil;0
40230;Stadtmobil;0
40231;Stadtmobil;0
40232;Stadtmobil;0
40233;Stadtmobil;0
40234;Stadtmobil;0
40235;Stadtmobil;0
40236;Stadtmobil;0
40237;Stadtmobil;0
40238;Stadtmobil;0
40239;Stadtmobil;0
40240;Stadtmobil;0
40241;Stadtmobil;0
40242;Stadtmobil;0
40243;Stadtmobil;0
40244;Stadtmobil;0
40245;Stadtmobil;0
40246;Stadtmobil;0
40247;Stadtmobil;0
40248;Stadtmobil;0
40249;Stadtmobil;0
40250;Stadtmobil;0
40251;Stadtmobil;0
40252;Stadtmobil;0
40253;Stadtmobil;0
40254;Stadtmobil;0
40255;Stadtmobil;0
40256;Stadtmobil;0
40257;Stadtmobil;0
40258;Stadtmobil;0
40259;Stadtmobil;0
40260;Stadtmobil;0
40261;Stadtmobil;0
40262;Stadtmobil;0
40263;Stadtmobil;0
40264;Stadtmobil;0
40265;Stadtmobil;0
40266;Stadtmobil;0
40267;Stadtmobil;0
40268;Stadtmobil;0
40269;Stadtmobil;0
40270;Stadtmobil;0
40271;Stadtmobil;0
40272;Stadtmobil;0
40273;Stadtmobil;0
40274;Stadtmobil;0
40275;Stadtmobil;0
40276;Stadtmobil;0
40277;Stadtmobil;0
40278;Stadtmobil;0
40279;Stadtmobil;0
40280;Stadtmobil;0
40281;Stadtmobil;0
40282;Stadtmobil;0
40283;Stadtmobil;0
40284;Stadtmobil;0
40288;Stadtmobil;0
40289;Stadtmobil;0
40290;Stadtmobil;0
40291;Stadtmobil;0
40292;Stadtmobil;0
40293;Stadtmobil;0
40294;Stadtmobil;0
40295;Stadtmobil;0
40296;Stadtmobil;0
40297;Stadtmobil;0
40298;Stadtmobil;0
40299;Stadtmobil;0
40300;Stadtmobil;0
40301;Stadtmobil;0
40302;Stadtmobil;0
40303;Stadtmobil;0
40304;Stadtmobil;0
40305;Stadtmobil;0
40306;Stadtmobil;0
40307;Stadtmobil;0
40308;Stadtmobil;0
40309;Stadtmobil;0
40310;Stadtmobil;0
40311;Stadtmobil;0
40312;Stadtmobil;0
40313;Stadtmobil;0
40314;Stadtmobil;0
40315;Stadtmobil;0
40316;Stadtmobil;0
40317;Stadtmobil;0
40318;Stadtmobil;0
40319;Stadtmobil;0
40320;Stadtmobil;0
40321;Stadtmobil;0
40322;Stadtmobil;0
40323;Stadtmobil;0
40324;Stadtmobil;0
40325;Stadtmobil;0
40326;Stadtmobil;0
40327;Stadtmobil;0
40328;Stadtmobil;0
40329;Stadtmobil;0
40330;Stadtmobil;0
40331;Stadtmobil;0
40332;Stadtmobil;0
40333;Stadtmobil;0
40334;Stadtmobil;0
40335;Stadtmobil;0
40336;Stadtmobil;0
40337;Stadtmobil;0
40338;Stadtmobil;0
40339;Stadtmobil;0
40340;Stadtmobil;0
40341;Stadtmobil;0
40342;Stadtmobil;0
40343;Stadtmobil;0
40344;Stadtmobil;0
40345;Stadtmobil;0
40346;Stadtmobil;0
40347;Stadtmobil;0
40348;Stadtmobil;0
40349;Stadtmobil;0
40350;Stadtmobil;0
40351;Stadtmobil;0
40352;Stadtmobil;0
40353;Stadtmobil;0
40354;Stadtmobil;0
40355;Stadtmobil;0
40356;Stadtmobil;0
40357;Stadtmobil;0
40358;Stadtmobil;0
40359;Stadtmobil;0
40360;Stadtmobil;0
40361;Stadtmobil;0
40362;Stadtmobil;0
40363;Stadtmobil;0
40364;Stadtmobil;0
40365;Stadtmobil;0
40366;Stadtmobil;0
40367;Stadtmobil;0
40368;Stadtmobil;0
40369;Stadtmobil;0
40370;Stadtmobil;0
40371;Stadtmobil;0
40372;Stadtmobil;0
40373;Stadtmobil;0
40374;Stadtmobil;0
40375;Stadtmobil;0
40376;Stadtmobil;0
40377;Stadtmobil;0
40378;Stadtmobil;0
40379;Stadtmobil;0
40380;Stadtmobil;0
40381;Stadtmobil;0
40382;Stadtmobil;0
40383;Stadtmobil;0
40384;Stadtmobil;0
40385;Stadtmobil;0
40386;Stadtmobil;0
40387;Stadtmobil;0
40388;Stadtmobil;0
40389;Stadtmobil;0
40390;Stadtmobil;0
40391;Stadtmobil;0
40392;Stadtmobil;0
40393;Stadtmobil;0
40394;Stadtmobil;0
40395;Stadtmobil;0
40396;Stadtmobil;0
40397;Stadtmobil;0
40398;Stadtmobil;0
40399;Stadtmobil;0
40400;Stadtmobil;0
40401;Stadtmobil;0
40402;Stadtmobil;0
40403;Stadtmobil;0
40404;Stadtmobil;0
40405;Stadtmobil;0
40406;Stadtmobil;0
40407;Stadtmobil;0
40408;Stadtmobil;0
40409;Stadtmobil;0
40410;Stadtmobil;0
40411;Stadtmobil;0
40412;Stadtmobil;0
40413;Stadtmobil;0
40414;Stadtmobil;0
40415;Stadtmobil;0
40416;Stadtmobil;0
40417;Stadtmobil;0
40418;Stadtmobil;0
40419;Stadtmobil;0
40420;Stadtmobil;0
40421;Stadtmobil;0
40422;Stadtmobil;0
40423;Stadtmobil;0
40424;Stadtmobil;0
40425;Stadtmobil;0
40426;Stadtmobil;0
40427;Stadtmobil;0
40500;Stadtmobil;0
40501;Stadtmobil;0
40502;Stadtmobil;0
40503;Stadtmobil;0
40504;Stadtmobil;0
40505;Stadtmobil;0
40506;Stadtmobil;0
40507;Stadtmobil;0
40508;Stadtmobil;0
40509;Stadtmobil;0
40510;Stadtmobil;0
40511;Stadtmobil;0
40512;Stadtmobil;0
40513;Stadtmobil;0
40514;Stadtmobil;0
40515;Stadtmobil;0
40516;Stadtmobil;0
40517;Stadtmobil;0
40518;Stadtmobil;0
40519;Stadtmobil;0
40520;Stadtmobil;0
40521;Stadtmobil;0
40522;Stadtmobil;0
40523;Stadtmobil;0
40524;Stadtmobil;0
40525;Stadtmobil;0
40526;Stadtmobil;0
40527;Stadtmobil;0
40528;Stadtmobil;0
40529;Stadtmobil;0
40530;Stadtmobil;0
40531;Stadtmobil;0
40532;Stadtmobil;0
40533;Stadtmobil;0
40534;Stadtmobil;0
40535;Stadtmobil;0
40536;Stadtmobil;0
40537;Stadtmobil;0
40538;Stadtmobil;0
40539;Stadtmobil;0
40540;Stadtmobil;0
40541;Stadtmobil;0
40542;Stadtmobil;0
40543;Stadtmobil;0
40544;Stadtmobil;0
40545;Stadtmobil;0
40546;Stadtmobil;0
40547;Stadtmobil;0
40548;Stadtmobil;0
40549;Stadtmobil;0
40550;Stadtmobil;0
40551;Stadtmobil;0
40552;Stadtmobil;0
40553;Stadtmobil;0
40554;Stadtmobil;0
40555;Stadtmobil;0
40556;Stadtmobil;0
40557;Stadtmobil;0
40558;Stadtmobil;0
40559;Stadtmobil;0
40560;Stadtmobil;0
40561;Stadtmobil;0
40562;Stadtmobil;0
40563;Stadtmobil;0
40564;Stadtmobil;0
40565;Stadtmobil;0
40566;Stadtmobil;0
40567;Stadtmobil;0
40568;Stadtmobil;0
40569;Stadtmobil;0
40570;Stadtmobil;0
40571;Stadtmobil;0
40572;Stadtmobil;0
40573;Stadtmobil;0
40574;Stadtmobil;0
40575;Stadtmobil;0
40576;Stadtmobil;0
40577;Stadtmobil;0
40578;Stadtmobil;0
40579;Stadtmobil;0
40580;Stadtmobil;0
40581;Stadtmobil;0
40582;Stadtmobil;0
40583;Stadtmobil;0
40584;Stadtmobil;0
40585;Stadtmobil;0
40586;Stadtmobil;0
40587;Stadtmobil;0
40588;Stadtmobil;0
40589;Stadtmobil;0
40590;Stadtmobil;0
40591;Stadtmobil;0
40592;Stadtmobil;0
40593;Stadtmobil;0
40594;Stadtmobil;0
40595;Stadtmobil;0
40596;Stadtmobil;0
40597;Stadtmobil;0
40598;Stadtmobil;0
40599;Stadtmobil;0
40600;Stadtmobil;0
40601;Stadtmobil;0
40602;Stadtmobil;0
40603;Stadtmobil;0
40604;Stadtmobil;0
40605;Stadtmobil;0
40606;Stadtmobil;0
40607;Stadtmobil;0
40608;Stadtmobil;0
40609;Stadtmobil;0
40610;Stadtmobil;0
40611;Stadtmobil;0
40612;Stadtmobil;0
40613;Stadtmobil;0
40614;Stadtmobil;0
40615;Stadtmobil;0
40616;Stadtmobil;0
40617;Stadtmobil;0
40618;Stadtmobil;0
40619;Stadtmobil;0
40620;Stadtmobil;0
40621;Stadtmobil;0
40622;Stadtmobil;0
40623;Stadtmobil;0
40624;Stadtmobil;0
40625;Stadtmobil;0
40626;Stadtmobil;0
40627;Stadtmobil;0
40628;Stadtmobil;0
40629;Stadtmobil;0
40630;Stadtmobil;0
40631;Stadtmobil;0
40632;Stadtmobil;0
40633;Stadtmobil;0
40634;Stadtmobil;0
40635;Stadtmobil;0
40636;Stadtmobil;0
40637;Stadtmobil;0
40638;Stadtmobil;0
40639;Stadtmobil;0
40640;Stadtmobil;0
40641;Stadtmobil;0
40642;Stadtmobil;0
40643;Stadtmobil;0
40644;Stadtmobil;0
40645;Stadtmobil;0
40646;Stadtmobil;0
40647;Stadtmobil;0
40648;Stadtmobil;0
40649;Stadtmobil;0
40650;Stadtmobil;0
40651;Stadtmobil;0
40652;Stadtmobil;0
40653;Stadtmobil;0
40654;Stadtmobil;0
40655;Stadtmobil;0
40656;Stadtmobil;0
40657;Stadtmobil;0
40658;Stadtmobil;0
40659;Stadtmobil;0
40660;Stadtmobil;0
40661;Stadtmobil;0
40662;Stadtmobil;0
40663;Stadtmobil;0
40664;Stadtmobil;0
40665;Stadtmobil;0
40666;Stadtmobil;0
40667;Stadtmobil;0
40668;Stadtmobil;0
40669;Stadtmobil;0
40670;Stadtmobil;0
40671;Stadtmobil;0
40672;Stadtmobil;0
40673;Stadtmobil;0
40674;Stadtmobil;0
40675;Stadtmobil;0
40676;Stadtmobil;0
40677;Stadtmobil;0
40678;Stadtmobil;0
40679;Stadtmobil;0
40680;Stadtmobil;0
40681;Stadtmobil;0
40682;Stadtmobil;0
40683;Stadtmobil;0
40684;Stadtmobil;0
40685;Stadtmobil;0
40686;Stadtmobil;0
40687;Stadtmobil;0
40688;Stadtmobil;0
40689;Stadtmobil;0
40690;Stadtmobil;0
40691;Stadtmobil;0
40692;Stadtmobil;0
40693;Stadtmobil;0
40694;Stadtmobil;0
40695;Stadtmobil;0
40696;Stadtmobil;0
40697;Stadtmobil;0
40698;Stadtmobil;0
40699;Stadtmobil;0
40700;Stadtmobil;0
40701;Stadtmobil;0
40702;Stadtmobil;0
40703;Stadtmobil;0
40704;Stadtmobil;0
40705;Stadtmobil;0
40706;Stadtmobil;0
40707;Stadtmobil;0
40708;Stadtmobil;0
40709;Stadtmobil;0
40710;Stadtmobil;0
40711;Stadtmobil;0
40712;Stadtmobil;0
40713;Stadtmobil;0
40714;Stadtmobil;0
40715;Stadtmobil;0
40716;Stadtmobil;0
40717;Stadtmobil;0
40718;Stadtmobil;0
40719;Stadtmobil;0
40720;Stadtmobil;0
40721;Stadtmobil;0
40722;Stadtmobil;0
40723;Stadtmobil;0
40724;Stadtmobil;0
40725;Stadtmobil;0
40726;Stadtmobil;0
40727;Stadtmobil;0
40728;Stadtmobil;0
40729;Stadtmobil;0
40730;Stadtmobil;0
40731;Stadtmobil;0
40732;Stadtmobil;0
40733;Stadtmobil;0
40734;Stadtmobil;0
40735;Stadtmobil;0
40736;Stadtmobil;0
40737;Stadtmobil;0
40738;Stadtmobil;0
40739;Stadtmobil;0
40740;Stadtmobil;0
40741;Stadtmobil;0
40742;Stadtmobil;0
40743;Stadtmobil;0
40744;Stadtmobil;0
40745;Stadtmobil;0
40746;Stadtmobil;0
40747;Stadtmobil;0
40748;Stadtmobil;0
40749;Stadtmobil;0
40750;Stadtmobil;0
40751;Stadtmobil;0
40752;Stadtmobil;0
40753;Stadtmobil;0
40754;Stadtmobil;0
40755;Stadtmobil;0
40756;Stadtmobil;0
40757;Stadtmobil;0
40758;Stadtmobil;0
40759;Stadtmobil;0
40760;Stadtmobil;0
40761;Stadtmobil;0
40762;Stadtmobil;0
40763;Stadtmobil;0
40764;Stadtmobil;0
40765;Stadtmobil;0
40766;Stadtmobil;0
40767;Stadtmobil;0
40768;Stadtmobil;0
40769;Stadtmobil;0
